Job Title,Company,Location,Job Type,On-site/Remote,Experience Level,Experience Years,Skills,Government,Skill_SQL,Skill_Python,Skill_Power_BI,Skill_Excel,Skill_Tableau,Skill_R,Skill_Data_Modeling,Skill_ERP,Skill_Machine_Learning,Skill_Business_Analysis
Business Analyst,Nano Health Technology  ,Cairo,Full Time,On-site,Experienced,2 - 4 Yrs of Exp,IT/Software Development  Medical/Healthcare  System analyst  Business Analyst  IT Service Management  Information Technology (IT)  Analysis  Testing  Computer Science  Development,Cairo,No,No,No,No,No,No,No,No,No,Yes
Business Analyst,GCSSD,Heliopolis,Full Time,On-site,Experienced,1 - 2 Yrs of Exp,IT/Software Development  Analyst/Research  Engineering - Telecom/Technology  System Analysis  Writing System  ERP  Data Warehouse  SDLC  Information Technology (IT)  Business Analysis,Cairo,No,No,No,No,No,No,No,Yes,No,Yes
Senior Database Admin (SQL),BI-Technologies,New Cairo,Full Time,Hybrid,Experienced,5+ Yrs of Exp,Installation/Maintenance/Repair  IT/Software Development  Engineering - Telecom/Technology  Database Administrator  Information Technology (IT)  Computer Science  Database  SQL  backend  API,Cairo,Yes,No,No,No,No,No,No,No,No,No
Senior Software Business Analyst / Product Owner,Expert Apps,Maadi,Full Time,Hybrid,Experienced,4 - 6 Yrs of Exp,IT/Software Development  Analyst/Research  Analysis  analytical  business  Business Analysis  Business Writing  Communication  Computer Engineering  Computer Science,Cairo,No,No,No,No,No,No,No,No,No,Yes
Sr. Business Analyst,egabi solutions,Sheraton,Full Time,On-site,Experienced,3 - 7 Yrs of Exp,IT/Software Development  Analyst/Research  Engineering - Telecom/Technology  Information Technology (IT)  Computer Science  Project Management  Business Analysis  Business  English  Software,Cairo,No,No,No,No,No,No,No,No,No,Yes
Senior Business Analyst,Confidential,Sheraton,Full Time,Hybrid,Experienced,3 - 4 Yrs of Exp,IT/Software Development  Analyst/Research  business analyst  Information Technology (IT)  Business Development  Computer Science  Software  Software Development,Cairo,No,No,No,No,No,No,No,No,No,Yes
Senior Business Analyst,Al Ateeq Software,Heliopolis,Full Time,On-site,Experienced,3 - 5 Yrs of Exp,IT/Software Development  Analyst/Research  Business Development  Information Technology (IT)  Analyst  Business Analysis  Management  English  Computer Science  business,Cairo,No,No,No,No,No,No,No,No,No,Yes
User Acceptance Testing Analyst,Etisalat Egypt,Maadi,Full Time,On-site,Entry Level,No Specific Yrs Of Exp,IT/Software Development  Engineering - Telecom/Technology  Business Analysis  Computer Science  Information Technology (IT)  Software  User Acceptance Testing,Cairo,No,No,No,No,No,No,No,No,No,Yes
Senior Database Admin,Aman,Maadi,Full Time,Hybrid,Experienced,3 - 5 Yrs of Exp,IT/Software Development  Engineering - Telecom/Technology  PostgreSQL  database administration  Database,Cairo,Yes,No,No,No,No,No,No,No,No,No
Data Analyst,waffarha.com,Sheraton,Full Time,On-site,Experienced,2 - 3 Yrs of Exp,Accounting/Finance  IT/Software Development  Analyst/Research  Analysis  Computer Science  Python  SQL  Tableau  Finance Analysis  Software Analysis,Cairo,Yes,Yes,No,No,Yes,No,No,No,No,No
Legal/HR Analyst,Guillam,San Stefano,Full Time,On-site,Experienced,1 - 2 Yrs of Exp,Human Resources  Legal  Analyst/Research  English Translation  Human Resources (HR)  Human Resources  Human Resource Management (HRM)  Human Resource Information System  Human Capital Management  Legal Documents,Alexandria,No,No,No,No,No,No,No,No,No,No
Senior Power BI Analyst / Developer,eVision,New Cairo,Full Time,On-site,Experienced,10 - 10 Yrs of Exp,IT/Software Development  BI  Computer Science  Database  Information Technology (IT)  Power BI  Analysis  Data Warehousing,Cairo,Yes,No,Yes,No,No,No,No,No,No,No
Software Business Analyst,Teqneia,Sheikh Zayed,"Full Time, Freelance",On-site,Entry Level,1 - 3 Yrs of Exp, Project    Business Development  IT/Software Development  Analyst/Research  Business Analysis  Information Technology (IT)  Computer Science  Computer Engineering  Software  SQL  SRS,Giza,Yes,No,No,No,No,No,No,No,No,Yes
SOC Analyst,Smart Technology Solutions,New Damietta,Full Time,On-site,Experienced,3 - 5 Yrs of Exp,IT/Software Development  Analyst/Research  Engineering - Telecom/Technology  Information Technology (IT)  SIEM  SOC  Security  eMAPT  eWPT  eCPPT,Damietta,No,No,No,No,No,No,No,No,No,No
Data Analyst,Alarabia Group,Cairo,Full Time,On-site,Experienced,3 - 5 Yrs of Exp,IT/Software Development  Analyst/Research  Sales/Retail  business  Computer Science  Analysis  Computer Skills  Data Analysis  Information Technology (IT)  Sales,Cairo,No,No,No,No,No,No,No,No,No,No
Software Business Analyst,Confidential,Cairo,Full Time,On-site,Experienced,3 - 6 Yrs of Exp,IT/Software Development  Analyst/Research  Engineering - Telecom/Technology  Analysis  business  Business Analysis  Communication skills  Computer Science  Data  Information Technology (IT),Cairo,No,No,No,No,No,No,No,No,No,Yes
Database Administrator - SQL & Mongo DB,Nano Health Technology  ,Cairo,Full Time,Hybrid,Experienced,3 - 5 Yrs of Exp,IT/Software Development  Engineering - Telecom/Technology  database administration  Database Administrator  SQL  MongoDB  SQL Server,Cairo,Yes,No,No,No,No,No,No,No,No,No
Database Administrator,QiCard ,Cairo,Full Time,Hybrid,Experienced,5 - 6 Yrs of Exp,IT/Software Development  Engineering - Telecom/Technology  AWS  database administration  SQL,Cairo,Yes,No,No,No,No,No,No,No,No,No
Senior SQL Database Developer,Al Ateeq Software,New Heliopolis,Full Time,On-site,Experienced,5 - 10 Yrs of Exp,IT/Software Development  Engineering - Telecom/Technology  Computer Science  Information Technology (IT)  Database Development  SQL Server  Database  Software Development  Oracle  Microsoft SQL Server,Cairo,Yes,No,No,No,No,No,No,Yes,No,No
Business Analyst Advisor,Ibn Sina Pharma,New Cairo,Full Time,On-site,Experienced,1 - 7 Yrs of Exp,IT/Software Development  Analyst/Research  Engineering - Telecom/Technology  Business Analyst  ERP System  Demand Planning  Software Testing,Cairo,No,No,No,No,No,No,No,Yes,No,Yes
Database Administrator,SURE International Technology,Nasr City,Full Time,Hybrid,Experienced,2 - 5 Yrs of Exp,Installation/Maintenance/Repair  IT/Software Development  Engineering - Telecom/Technology  Computer Science  Databases  Information Technology (IT)  MySQL  SQL  SQL Server  Database,Cairo,Yes,No,No,No,No,No,No,No,No,No
Power BI Developer,Duravit AG,10th of Ramadan City,Full Time,On-site,Entry Level,1 - 2 Yrs of Exp,IT/Software Development  Engineering - Telecom/Technology  Computer Science  Data Warehouse  Engineering  ETL  Information Technology (IT)  Design  Reporting  Microsoft Power BI,Cairo,No,No,Yes,No,No,No,No,No,No,No
Oracle NetSuite Planning / BI / DWH Consultant,BTC-Egypt Gold,Heliopolis,Full Time,On-site,Experienced,2 - 3 Yrs of Exp,IT/Software Development  Engineering - Telecom/Technology  Oracle  NetSuite  Planning  BI  DWH  ERP Consultanting  ERP  Snowflake,Cairo,No,No,No,No,No,No,No,Yes,No,No
Business Process Analyst,Cairoscan,Mohandessin,Full Time,On-site,Experienced,1 - 3 Yrs of Exp,IT/Software Development  Analyst/Research  Engineering - Telecom/Technology  Agile  Analysis  analytical  business  Business Administration  Business Analysis  Computer Science,Giza,No,No,No,No,No,No,No,No,No,Yes
Quality Assurance Analyst,Cairoscan,Mohandessin,Full Time,On-site,Experienced,1 - 3 Yrs of Exp,IT/Software Development  Quality  Engineering - Telecom/Technology  Computer Science  ISTQB  QA  quality  Quality Assurance  Quality Control  Science,Giza,No,No,No,No,No,No,No,No,No,No
MS SQL Server Database Administrator,"The Micro, Small & Medium Enterprise Development Agency ",Dokki,Full Time,On-site,Experienced,2 - 4 Yrs of Exp,IT/Software Development  Engineering - Telecom/Technology  Computer Science  Configuration  configuring  Database  Database Administrator  Engineering  Information Technology (IT)  Microsoft SQL Server,Giza,Yes,No,No,No,No,No,No,No,No,No
Senior Data Warehousing & Business Intelligence Engineer with Expertise in Microsoft Technologies,"The Micro, Small & Medium Enterprise Development Agency ",Dokki,Full Time,On-site,Experienced,3 - 5 Yrs of Exp,IT/Software Development  Engineering - Telecom/Technology  Analysis  Business Intelligence  Computer Science  Data Warehousing  Engineering  Information Technology (IT)  BI  Power BI,Giza,No,No,Yes,No,No,No,No,No,No,No
Senior Data Integration Engineer,e-finance,Smart Village,Full Time,On-site,Experienced,3 - 5 Yrs of Exp,IT/Software Development  Engineering - Telecom/Technology  Engineering - Other  ETL  Information Technology (IT)  Integration  MySQL  Software Development  Software Engineering  SQL,Giza,Yes,No,No,No,No,No,No,No,No,No
Senior Data and AI Engineer,Global Brands,New Cairo,Full Time,Hybrid,Experienced,3+ Yrs of Exp,IT/Software Development  Engineering - Telecom/Technology  Big Data  Computer Science  Data Modeling  Engineering  Information Technology (IT)  Oracle  Programming  SQL,Cairo,Yes,No,No,No,No,No,Yes,Yes,No,No
Business Analyst,Youxel,Cairo,Full Time,Hybrid,Experienced,4+ Yrs of Exp,IT/Software Development  Analyst/Research  Engineering - Telecom/Technology  Business Analysis  Information Technology (IT)  Engineering  Software Development  Software  Software Engineering  Computer Science,Cairo,No,No,No,No,No,No,No,No,No,Yes
Data Analyst Lead / Manager,WUZZUF,Maadi,Full Time,Hybrid,Manager,7 - 15 Yrs of Exp,IT/Software Development  Analyst/Research  Engineering - Telecom/Technology  Analysis  business  Computer Engineering  Computer Science  Data Analysis  Engineering  Microsoft Excel,Cairo,No,No,No,Yes,No,No,No,No,No,No
Data Analyst,Al Ateeq Software,Heliopolis,Full Time,On-site,Experienced,5 - 9 Yrs of Exp,IT/Software Development  Analyst/Research  Engineering - Telecom/Technology  Computer Science  Data Analyst  Information Technology (IT)  Analysis  Data,Cairo,No,No,No,No,No,No,No,No,No,No
Data Engineer,Safa Soft,Maadi,Full Time,On-site,Experienced,3 - 6 Yrs of Exp,IT/Software Development  Analyst/Research  Engineering - Telecom/Technology  Computer Engineering  Computer Science  BI  Data Modeling  Data Science  Engineering  Information Technology (IT),Cairo,No,No,No,No,No,No,Yes,No,No,No
BI Analyst,Safa Soft,Cairo,Full Time,On-site,Experienced,3 - 6 Yrs of Exp,IT/Software Development  Analyst/Research  Engineering - Telecom/Technology  Analysis  analytical  BI  Reporting  Business Intelligence  Computer Science  DAX,Cairo,No,No,No,No,No,No,No,No,No,No
Senior Data Analyst & Machine Learning Specialist (Full time Remote),HIGHBASE TRADING W.L.L,Cairo,"Full Time, Remote",Remote,Experienced,3 - 5 Yrs of Exp,IT/Software Development  Analyst/Research  Data Analysis  Data Science  Machine Learning  Tableau  Analysis  Computer Science  Information Technology (IT)  MySQL,Cairo,Yes,No,No,No,Yes,No,No,No,Yes,No
Business Analyst,Digizilla,Nasr City,Full Time,On-site,Experienced,1 - 5 Yrs of Exp,Administration  IT/Software Development  Analyst/Research  Business Administration  Communication  Software  business  ERP  Computer Skills  Information Technology (IT),Cairo,No,No,No,No,No,No,No,Yes,No,No
Technical Business Analyst / Specifications Writer,Cairoscan,Mohandessin,Full Time,On-site,Experienced,1 - 3 Yrs of Exp,Writing/Editorial  IT/Software Development  Medical/Healthcare  Agile  business  Business Analysis  Computer Science  Information Technology (IT)  Engineering  Software,Giza,No,No,No,No,No,No,No,No,No,Yes
ERP System Analyst.,Xceed Contact Center,Maadi,Full Time,On-site,Entry Level,0 - 1 Yrs of Exp,IT/Software Development  Other  Engineering - Other  ERP  Engineering  Computer Science  Software Engineering  System Analysis  Software Development  Software,Cairo,No,No,No,No,No,No,No,Yes,No,No
Senior Business Analyst,Confidential,Cairo,Full Time,On-site,Experienced,6 - 10 Yrs of Exp,IT/Software Development  Business Analysis  Information Technology (IT)  Computer Science  Analysis  Software  Business Development,Cairo,No,No,No,No,No,No,No,No,No,Yes
Database Administrator,CloudScript,New Cairo,"Full Time, Remote",Remote,Experienced,3+ Yrs of Exp,IT/Software Development  AWS  Administration  Database  database administration  Database Design  Databases  MongoDB  SQL  Information Technology (IT),Cairo,Yes,No,No,No,No,No,No,No,No,No
Senior Data Engineer,Nahdet Misr Publishing Group,Mohandessin,Full Time,Hybrid,Experienced,3 - 6 Yrs of Exp,IT/Software Development  Analyst/Research  AWS  Engineering  Azure  Analysis  Cloud Development  SQL  Data Modeling  nahdet misr ai,Giza,Yes,No,No,No,No,No,Yes,No,No,No
Vulnerability Analysis & Mapping Officer (Economic/Policy Analyst),World Food Program Other locations,Cairo,Not Specified,Not Specified,Not Specified,No Specific Yrs Of Exp,"Project/Program Management,Engineering - Telecom/Technology,information technology (it),computer science,microsoft office,networks,security,english,analysis",Cairo,No,No,No,No,No,No,No,No,No,No
Analysis and Reporting Manager,Antal International Egypt,Cairo,Not Specified,Not Specified,Not Specified,No Specific Yrs Of Exp,"Operations/Management,Analyst/Research,Finance,Accounting,Financial Analysis,Financial Management,Reporting,Microsoft Office,Financial Reporting",Cairo,No,No,No,No,No,No,No,No,No,No
"Senior Analyst,Financial Planning and Analysis","S. C. Johnson & Son, Inc.",Cairo,Not Specified,Not Specified,Not Specified,No Specific Yrs Of Exp,"Business Development,Analyst/Research,Finance,Accounting,Financial Analysis,Commerce,Financial Management,Analysis,Financial Planning",Cairo,No,No,No,No,No,No,No,No,No,No
data analysis,Care Services EG,Abbassia,Not Specified,Not Specified,Not Specified,No Specific Yrs Of Exp,"IT/Software Development,Analyst/Research,Analysis,Data Analysis,Information Technology (IT),Computer Science",Cairo,No,No,No,No,No,No,No,No,No,No
Financial Analyst,Target Recruitment  & HR Solutions ,Alexandria,Not Specified,Not Specified,Not Specified,No Specific Yrs Of Exp,"Accounting/Finance,Analyst/Research,accountant,Accounting,CMA,Budgeting,Commerce,Analysis,Finance,English",Alexandria,No,No,No,No,No,No,No,No,No,No
Financial Analyst,Talaat Moustafa Group,Giza,Not Specified,Not Specified,Not Specified,No Specific Yrs Of Exp,"Accounting/Finance,Analyst/Research,Accounting,CFA,Finance,Financial Analysis,Reporting,Planning,excel,Data Analysis",Giza,No,No,No,Yes,No,No,No,No,No,No
Business Analyst,Egabi FSI,Sheraton,Not Specified,Not Specified,Not Specified,No Specific Yrs Of Exp,"IT/Software Development,Analyst/Research,Engineering - Telecom/Technology,Business Analyst,Computer Science,Business Analysis,Information Technology (IT),English,Testing,Analysis",Cairo,No,No,No,No,No,No,No,No,No,Yes
Data Engineer,UMX Studio,Dokki,Not Specified,Not Specified,Not Specified,No Specific Yrs Of Exp,"IT/Software Development,Computer Engineering,Data Analysis,Java,Python,Software,Software Engineering,Software Development,SQL,Programming",Giza,Yes,Yes,No,No,No,No,No,No,No,No
Business Analyst,Amasi,Cairo,Not Specified,Not Specified,Not Specified,No Specific Yrs Of Exp,"IT/Software Development,Analyst/Research,Analysis,business,Business Analysis,Technical Writing,Information Technology (IT),systems analysis",Cairo,No,No,No,No,No,No,No,No,No,Yes
"Financial Planning, Budgeting & Reporting Manager",Confidential,6th of October,Not Specified,Not Specified,Not Specified,No Specific Yrs Of Exp,"Accounting/Finance,Operations/Management,Budgeting,Accounting,Finance,Financial Management,CFA,CMA,Financial Analysis,Accounting Software",Giza,No,No,No,No,No,No,No,No,No,No
Financial Analyst Lead,Transmar International ,New Cairo,Not Specified,Not Specified,Not Specified,No Specific Yrs Of Exp,"Accounting/Finance,Analyst/Research,Financial Planning,Financial Analysis,feasibility study,pricing",Cairo,No,No,No,No,No,No,No,No,No,No
System Analyst,IT Pillars,Nasr City,Not Specified,Not Specified,Not Specified,No Specific Yrs Of Exp,"IT/Software Development,Analyst/Research,Engineering - Telecom/Technology,business,Business Analysis,Analysis,Communication skills,Computer Science,Development,Software Development",Cairo,No,No,No,No,No,No,No,No,No,Yes
National_Financial Analyst | Real Estate | CFC,Al Futtaim Private Company LLC,Cairo,Not Specified,Not Specified,Not Specified,No Specific Yrs Of Exp,"Analyst/Research,Sales/Retail,real estate,finance,financial analysis,accounting,sales,analysis,cma",Cairo,No,No,No,No,No,No,No,No,No,No
National_Financial Analyst | Real Estate | CFC,Dubai Festival City,Cairo,Not Specified,Not Specified,Not Specified,No Specific Yrs Of Exp,"Analyst/Research,Sales/Retail,real estate,finance,financial analysis,accounting,sales,analysis,cma",Cairo,No,No,No,No,No,No,No,No,No,No
Data Analytics,DXC.technology,Cairo,Not Specified,Not Specified,Not Specified,No Specific Yrs Of Exp,"Analyst/Research,Engineering - Telecom/Technology,Computer Science,Information Technology (IT),Data Analysis,Analysis,Data Analytics,Marketing,SQL",Cairo,Yes,No,No,No,No,No,No,No,No,No
Financial Analyst - Innoventures,Cultiv,Heliopolis,Not Specified,Not Specified,Not Specified,No Specific Yrs Of Exp,"Accounting/Finance,Analyst/Research,Financial Analysis,Finance,Accounting,Analysis,Financial,Economics,Excel,Computer Skills",Cairo,No,No,No,Yes,No,No,No,No,No,No
Senior Financial Analyst,Synergy Markets,New Cairo,Not Specified,Not Specified,Not Specified,No Specific Yrs Of Exp,"Accounting/Finance,Banking,Analyst/Research,CFA,Finance,Financial Analysis,excel,Investment Banking,Financial Management,Accounting",Cairo,No,No,No,Yes,No,No,No,No,No,No
Senior Business Analyst,Coral Technology,Cairo,Not Specified,Not Specified,Not Specified,No Specific Yrs Of Exp,"IT/Software Development,Analyst/Research,Engineering - Telecom/Technology,Business Analysis,Healthcare,English,Software Requirements Specification,Business Requirement Document (BRD),System Requirements Specifications (SRS),Agile Software Development",Cairo,No,No,No,No,No,No,No,No,No,Yes
Business Analyst Lead,Lumin,Sheikh Zayed,Not Specified,Not Specified,Not Specified,No Specific Yrs Of Exp,"IT/Software Development,Analyst/Research,Engineering - Telecom/Technology,Agile,Analysis,business,Business Analysis,Computer Engineering,Computer Science,Information Technology (IT)",Giza,No,No,No,No,No,No,No,No,No,Yes
Software Business Analyst,Dexef,Quweisna,Not Specified,Not Specified,Not Specified,No Specific Yrs Of Exp,"IT/Software Development,Analyst/Research,Engineering - Telecom/Technology,Business Analysis,Computer Science,Information Technology (IT),Software Engineering,Web Applications,Programming,Software Development",Monufya,No,No,No,No,No,No,No,No,No,Yes
Software Business Analyst (Mansoura),qTech. ,Mansoura,Not Specified,Not Specified,Not Specified,No Specific Yrs Of Exp,"IT/Software Development,Analyst/Research,Engineering - Telecom/Technology,Software Analysis,Analysis,Software Development,Programming,Scripting,Software,Computer Science",Dakahlia,No,No,No,No,No,No,No,No,No,No
Business Analyst Specialist,Dawi Clinics,Maadi,Not Specified,Not Specified,Not Specified,No Specific Yrs Of Exp,"Business Development,IT/Software Development,Analyst/Research,Analysis,business,Business Analysis,Business Development,Project Management,Software Development,Software",Cairo,No,No,No,No,No,No,No,No,No,Yes
Senior Business Analyst,Erada,Maadi,Not Specified,Not Specified,Not Specified,No Specific Yrs Of Exp,"Business Development,Analyst/Research,Analysis,BI,Business Analysis,Business Development,business,Administration",Cairo,No,No,No,No,No,No,No,No,No,Yes
Data Analyst,Yassir,Cairo,Not Specified,Not Specified,Not Specified,No Specific Yrs Of Exp,"Analyst/Research,Engineering - Telecom/Technology,Data Analysis,Analysis,Computer Science,Information Technology (IT),SQL,Microsoft Office,Microsoft Excel",Cairo,Yes,No,No,Yes,No,No,No,No,No,No
Private Equity Investment Analyst (Cairo),Softwareclub,Cairo,Not Specified,Not Specified,Not Specified,No Specific Yrs Of Exp,"Business Development,Analyst/Research,finance,accounting,financial analysis,microsoft office,investment,research,investment banking",Cairo,No,No,No,No,No,No,No,No,No,No
RBG Business Finance Analyst,Mashreqbank PSC,Cairo,Not Specified,Not Specified,Not Specified,No Specific Yrs Of Exp,"IT/Software Development,Analyst/Research,finance,accounting,financial analysis,microsoft office,analysis,economics,banking",Cairo,No,No,No,No,No,No,No,No,No,No
Senior Business Analyst,BBI-Consultancy,Nasr City,Not Specified,Not Specified,Not Specified,No Specific Yrs Of Exp,"IT/Software Development,Analyst/Research,Engineering - Telecom/Technology,Analysis,business,Business Analysis,Information Technology (IT),Banking Sector",Cairo,No,No,No,No,No,No,No,No,No,Yes
Balance Sheet Analyst,Confidential,Maadi,Not Specified,Not Specified,Not Specified,No Specific Yrs Of Exp,"Accounting/Finance,Balance Sheet,Analysis,Financial Analysis,SAP",Cairo,No,No,No,No,No,No,No,Yes,No,No
MIS Analyst,Mashreqbank PSC,Cairo,Not Specified,Not Specified,Not Specified,No Specific Yrs Of Exp,"Analyst/Research,Engineering - Telecom/Technology,information technology (it),computer science,analysis,business analysis,mis,sales,automation",Cairo,No,No,No,No,No,No,No,No,No,Yes
"ETIC, Financial Reporting - Senior Associate",PwC Middle East,Cairo,Not Specified,Not Specified,Not Specified,No Specific Yrs Of Exp,"Operations/Management,Analyst/Research,Finance,Accounting,Financial Analysis,Financial Management,Financial Reporting,SAP,English",Cairo,No,No,No,No,No,No,No,Yes,No,No
"ETIC, Financial Reporting - Senior Manager",PwC Middle East,Cairo,Not Specified,Not Specified,Not Specified,No Specific Yrs Of Exp,"Operations/Management,Analyst/Research,Finance,Accounting,Financial Analysis,Financial Management,Financial Reporting,SAP,English",Cairo,No,No,No,No,No,No,No,Yes,No,No
Data Engineer,Carina Wear,New Cairo,Not Specified,Not Specified,Not Specified,No Specific Yrs Of Exp,"Analyst/Research,Engineering - Other,Engineering,Data Engineering,Data Warehousing,Data Warehouse,Analysis,SQL,Computer Science,Information Technology (IT)",Cairo,Yes,No,No,No,No,No,No,No,No,No
Data Analyst,ITCan,Rehab City,Not Specified,Not Specified,Not Specified,No Specific Yrs Of Exp,"Analyst/Research,BI,Analysis,analytical,Computer Science,Data Analysis,Development,Engineering,Information Technology (IT),Power BI",Cairo,No,No,Yes,No,No,No,No,No,No,No
Financial Analyst,econstruct,Cairo,Not Specified,Not Specified,Not Specified,No Specific Yrs Of Exp,"Banking,Analyst/Research,Finance,Financial Analysis,Accounting,Commerce,Microsoft Office,Financial Management,Analysis",Cairo,No,No,No,No,No,No,No,No,No,No
Business Analyst,Confidential,New Cairo,Not Specified,Not Specified,Not Specified,No Specific Yrs Of Exp,"Business Development,IT/Software Development,Analysis,BI,business,Business Analysis,SQL,Tableau",Cairo,Yes,No,No,No,Yes,No,No,No,No,Yes
Senior Data Analyst,Sceel.io,Maadi,Not Specified,Not Specified,Not Specified,No Specific Yrs Of Exp,"IT/Software Development,Analyst/Research,Engineering - Telecom/Technology,Analysis,Analyst,BI,Communication skills,Computer Science,Data,Data Analysis",Cairo,No,No,No,No,No,No,No,No,No,No
Financial Analyst,Acino,Cairo,Not Specified,Not Specified,Not Specified,No Specific Yrs Of Exp,"Banking,Analyst/Research,Finance,Financial Analysis,Accounting,Commerce,Microsoft Office,Financial Management,Analysis",Cairo,No,No,No,No,No,No,No,No,No,No
Junior Cost Analyst,Saint-Gobain,Ain Sokhna,Not Specified,Not Specified,Not Specified,No Specific Yrs Of Exp,"Accounting/Finance,Cost Analyst,Finance,Financial Analysis,SAP,Costing,English,Analysis",Suez,No,No,No,No,No,No,No,Yes,No,No
Financial Accounts Analyst,Guillam,Alexandria,Not Specified,Not Specified,Not Specified,No Specific Yrs Of Exp,"Accounting/Finance,Analyst/Research,Accounting,Finance,Budgeting,Research,Administration,Financial Analysis,Financial Management,English",Alexandria,No,No,No,No,No,No,No,No,No,No
Resource Analyst 3-Ops,Oracle Egypt,Cairo,Not Specified,Not Specified,Not Specified,No Specific Yrs Of Exp,"Analyst/Research,Engineering - Telecom/Technology,information technology (it),computer science,business analysis,analysis,business,oracle,reporting",Cairo,No,No,No,No,No,No,No,Yes,No,Yes
Resource Analyst 2-Ops,Oracle Egypt,Cairo,Not Specified,Not Specified,Not Specified,No Specific Yrs Of Exp,"Analyst/Research,Engineering - Telecom/Technology,information technology (it),computer science,analysis,project management,consulting,management,reporting",Cairo,No,No,No,No,No,No,No,No,No,No
Senior Business Analyst,Bevatel,Dokki,Not Specified,Not Specified,Not Specified,No Specific Yrs Of Exp,"IT/Software Development,Analyst/Research,Business Analysis,Information Technology (IT),CRM System,Computer Science,SRS,BRD,Research,Analytical Skills",Giza,No,No,No,No,No,No,No,No,No,Yes
Cost Senior Analyst,Kandil Industries,10th of Ramadan City,Not Specified,Not Specified,Not Specified,No Specific Yrs Of Exp,"Accounting/Finance,Analyst/Research,Business Analysis,Finance Analysis,Accounting,Cost Accounting,Cost Analysis",Cairo,No,No,No,No,No,No,No,No,No,Yes
Reporting Analyst,Perfect Presentation,6th of October,Not Specified,Not Specified,Not Specified,No Specific Yrs Of Exp,"IT/Software Development,Analysis,Analyst,excel,Reporting",Giza,No,No,No,Yes,No,No,No,No,No,No
Software Analyst/Tester (Fresh) - Alexandria,Arabic Localizer,San Stefano,Not Specified,Not Specified,Not Specified,No Specific Yrs Of Exp,"females_only,IT/Software Development,Quality,Analyst/Research,Business Analysis,Software Analysis,Software Tester,Software Testing,Software,Quality Control,Information Technology (IT)",Alexandria,No,No,No,No,No,No,No,No,No,Yes
Energy Analyst - Internship,Nexus Analytica,Shorouk City,Not Specified,Not Specified,Not Specified,No Specific Yrs Of Exp,"R&D/Science,Analyst/Research,Analysis,Energy,Python,Statistics",Cairo,No,Yes,No,No,No,No,No,No,No,No
Financial Analyst,Rawasi Holding for Investment,New Cairo,Not Specified,Not Specified,Not Specified,No Specific Yrs Of Exp,"Analyst/Research,Budgeting,excel,Financial Reporting,Financial Analysis,Reporting,Forecasting,Analysis",Cairo,No,No,No,Yes,No,No,No,No,No,No
Data Analytics Manager,Mashreqbank PSC,Cairo,Not Specified,Not Specified,Not Specified,No Specific Yrs Of Exp,"Analyst/Research,Engineering - Telecom/Technology,Information Technology (IT),Computer Science,SQL,Analysis,Data Analysis,Project Management,Engineering",Cairo,Yes,No,No,No,No,No,No,No,No,No
CRM Business Analyst,Evapharma So,Cairo,Not Specified,Not Specified,Not Specified,No Specific Yrs Of Exp,"Analyst/Research,Engineering - Telecom/Technology,Business Analysis,Information Technology (IT),Computer Science,Analysis,Software Development,Software,Computer Engineering",Cairo,No,No,No,No,No,No,No,No,No,Yes
Financial Planning Analyst Specialist,Dawi Clinics,Maadi,Not Specified,Not Specified,Not Specified,No Specific Yrs Of Exp,"Accounting/Finance,Analyst/Research,Analyzing data,Finance,Financial,Financial Analysis,Financial Planning,Forecasting,Planning,Accounting",Cairo,No,No,No,No,No,No,No,No,No,No
Senior Data Scientist - Hybrid,Seoudi Supermarket,Sheikh Zayed,Not Specified,Not Specified,Not Specified,No Specific Yrs Of Exp,"IT/Software Development,Analyst/Research,Engineering - Telecom/Technology,Analysis,Computer Science,Data Analysis,Data Science,Machine Learning,SQL,Python",Giza,Yes,Yes,No,No,No,No,No,No,Yes,No
Business Analyst (Excellent English Speaker),London International Patient Services,Nozha,Not Specified,Not Specified,Not Specified,No Specific Yrs Of Exp,"IT/Software Development,Analyst/Research,Engineering - Telecom/Technology,Analysis,Information Technology (IT),BI,Business Analysis,Computer Science,Reporting",Cairo,No,No,No,No,No,No,No,No,No,Yes
Software Business Analyst,Safa Soft,Maadi,Not Specified,Not Specified,Not Specified,No Specific Yrs Of Exp,"IT/Software Development,Analyst/Research,Engineering - Telecom/Technology,Agile,Analysis,business,Analyst,Business Administration,Business Analysis,Computer Science",Cairo,No,No,No,No,No,No,No,No,No,Yes
Business Analyst,Erpplus5,Maadi,Not Specified,Not Specified,Not Specified,No Specific Yrs Of Exp,"Accounting/Finance,IT/Software Development,Analyst/Research,Analysis,Analyst,business,Business Analysis,Business Analyst,Computer Science,Information Technology (IT)",Cairo,No,No,No,No,No,No,No,No,No,Yes
Financial Analyst,Industrial Development Group IDG,Haram,Not Specified,Not Specified,Not Specified,No Specific Yrs Of Exp,"Accounting/Finance,Analyst/Research,Analysis,Financial Analysis,Financial Forecasting",Giza,No,No,No,No,No,No,No,No,No,No
System analyst,Softxpert Incorporation ,Alexandria,Not Specified,Not Specified,Not Specified,No Specific Yrs Of Exp,"IT/Software Development,Business Analysis,Information Technology (IT),Analysis,English,Systems Analyst,System Analysis,Communication",Alexandria,No,No,No,No,No,No,No,No,No,Yes
Manager Consumer Insights & Analytics,Philip Morris Internationl,Cairo,Not Specified,Not Specified,Not Specified,No Specific Yrs Of Exp,"Analyst/Research,Sales/Retail,Market Research,Marketing,Customer Care,Research,Advertising,Sales,Economics",Cairo,No,No,No,No,No,No,No,No,No,No
Supervisor Consumer Analytics,Philip Morris Internationl,Cairo,Not Specified,Not Specified,Not Specified,No Specific Yrs Of Exp,"Sales/Retail,Media/Journalism/Publishing,marketing,market research,social media,sales,management,english,communication skills",Cairo,No,No,No,No,No,No,No,No,No,No
Consolidation and Financial reporting Supervisor,Fawry for Banking Technology and Electronic Payments S.A.E,Smart Village,Not Specified,Not Specified,Not Specified,No Specific Yrs Of Exp,"Accounting/Finance,Banking,Accounting,Finance,Financial Analysis,Reporting,Financial Management,Commerce",Giza,No,No,No,No,No,No,No,No,No,No
senior business analyst,Confidential,Cairo,Not Specified,Not Specified,Not Specified,No Specific Yrs Of Exp,"IT/Software Development,Analyst/Research,Business Analyst,Business Analysis,Information Technology (IT),Business Development,Analyst,SRS,Software,Computer Science",Cairo,No,No,No,No,No,No,No,No,No,Yes
Business Analyst,Dafater,Nasr City,Not Specified,Not Specified,Not Specified,No Specific Yrs Of Exp,"IT/Software Development,Business Analysis,Communication skills,Computer Science,Data Analysis,ERP,Information Technology (IT),Scrum,analytical,Analysis",Cairo,No,No,No,No,No,No,No,Yes,No,Yes
Tax & Reporting Manager,Danone Waters (UK & Ireland) Ltd.,Cairo,Not Specified,Not Specified,Not Specified,No Specific Yrs Of Exp,"Banking,Human Resources,Accounting,Finance,Tax,Financial Analysis,Financial Management,Microsoft Office,Commerce",Cairo,No,No,No,No,No,No,No,No,No,No
Senior Investment Analyst,Mobica,Mohandessin,Not Specified,Not Specified,Not Specified,No Specific Yrs Of Exp,"Accounting/Finance,Analyst/Research,Analysis,analytical,Finance,Investment,Management",Giza,No,No,No,No,No,No,No,No,No,No
Financial Analyst,Turbo Egypt Compression,Cairo,Not Specified,Not Specified,Not Specified,No Specific Yrs Of Exp,"Accounting/Finance,Banking,Analyst/Research,Commerce,Corporate Finance,Analysis,Finance,Financial Analysis,Forecasting,Financial Forecasting",Cairo,No,No,No,No,No,No,No,No,No,No
SAP Analyst - Multinational Company,Pillars,Cairo,Not Specified,Not Specified,Not Specified,No Specific Yrs Of Exp,"Accounting/Finance,Logistics/Supply Chain,Analyst/Research,SAP,Implementation,Computer Science,Analysis,Finance,Supply Chain",Cairo,No,No,No,No,No,No,No,Yes,No,No
Data Scientist,egabi solutions,Heliopolis,Not Specified,Not Specified,Not Specified,No Specific Yrs Of Exp,"IT/Software Development,AI,ML,Data Analysis,Data Mining,Data Science,data scientist,Information Technology (IT),Machine Learning",Cairo,No,No,No,No,No,No,No,No,Yes,No
Sales and Inventory Analyst,Confidential,Heliopolis,Not Specified,Not Specified,Not Specified,No Specific Yrs Of Exp,"Analyst/Research,Sales/Retail,Microsoft Excel,Sales Analysis,Inventory analysis,Data Analytics,Microsoft Office,Analytics,Data Analyst",Cairo,No,No,No,Yes,No,No,No,No,No,No
Data Analytics Engineer,Erada,Maadi,Not Specified,Not Specified,Not Specified,No Specific Yrs Of Exp,"IT/Software Development,Analyst/Research,Engineering - Telecom/Technology,analytical,Information Technology (IT),Software Engineering,Data Analytics,Data,Engineering,Analysis",Cairo,No,No,No,No,No,No,No,No,No,No
Delay Analyst & Planner,Viale14 Consult,Giza,Not Specified,Not Specified,Not Specified,No Specific Yrs Of Exp,"Engineering - Construction/Civil/Architecture,Project/Program Management,Primavera P6,Claims Management,Project Planning,Analysis,Project Management,MS Project",Giza,No,No,No,No,No,No,No,No,No,No
Business System Analyst,Argaam,Mohandessin,Not Specified,Not Specified,Not Specified,No Specific Yrs Of Exp,"IT/Software Development,Analyst/Research,business,Analysis,Communication skills,Business Analysis,Information technology",Giza,No,No,No,No,No,No,No,No,No,Yes
Data Analyst,Arma-HSA,New Cairo,Not Specified,Not Specified,Not Specified,No Specific Yrs Of Exp,"Analyst/Research,Data Analysis,Computer Science,Information Technology (IT),Reporting,Power BI,IT,analytical,Engineering,English",Cairo,No,No,Yes,No,No,No,No,No,No,No
National_Financial Analyst,Dubai Festival City,Cairo,Not Specified,Not Specified,Not Specified,No Specific Yrs Of Exp,"Project/Program Management,Analyst/Research,Finance,Financial Analysis,Accounting,Microsoft Office,Commerce,Analysis,Financial Management",Cairo,No,No,No,No,No,No,No,No,No,No
Fitness Data Collection Coordinator/ Analyst,TEMPO,New Cairo,Not Specified,Not Specified,Not Specified,No Specific Yrs Of Exp,"Other,Analyst/Research,English,Data Entry,Microsoft Office,fitness,Data Collection,Analysis,Data Analysis",Cairo,No,No,No,No,No,No,No,No,No,No
Data Analyst,Second profit  ,Nasr City,Not Specified,Not Specified,Not Specified,No Specific Yrs Of Exp,"IT/Software Development,Analyst/Research,Engineering - Telecom/Technology,Analysis,Analyst,analytical,business,Computer Science,Data,Data Analysis",Cairo,No,No,No,No,No,No,No,No,No,No
Senior Business Analyst,Future Translations,Cairo,Not Specified,Not Specified,Not Specified,No Specific Yrs Of Exp,"Analyst/Research,Engineering - Telecom/Technology,Information Technology (IT),Business Analysis,Computer Science,Analysis,Business Development,Sales,Sales Skills",Cairo,No,No,No,No,No,No,No,No,No,Yes
Methodology Analyst,APEX Pharma,Badr City,Not Specified,Not Specified,Not Specified,No Specific Yrs Of Exp,"R&D/Science,Pharmaceutical,Methodology,Analysis,Science,Pharmacy",Cairo,No,No,No,No,No,No,No,No,No,No
National_Financial Analyst,Al Futtaim Private Company LLC,Cairo,Not Specified,Not Specified,Not Specified,No Specific Yrs Of Exp,"Project/Program Management,Analyst/Research,Finance,Financial Analysis,Accounting,Microsoft Office,Commerce,Analysis,Financial Management",Cairo,No,No,No,No,No,No,No,No,No,No
"ETIC, Business Analyst- Senior Associate",PricewaterhouseCoopers,Cairo,Not Specified,Not Specified,Not Specified,No Specific Yrs Of Exp,"Analyst/Research,Engineering - Telecom/Technology,Business Analysis,Information Technology (IT),Computer Science,Analysis,Software Development,Computer Engineering,Software",Cairo,No,No,No,No,No,No,No,No,No,Yes
Customer Solution Analyst,Nestle Cwa,Cairo,Not Specified,Not Specified,Not Specified,No Specific Yrs Of Exp,"IT/Software Development,Analyst/Research,Computer Science,Information Technology (IT),Customer Service,Customer Care,Customer Support,Engineering,Analysis",Cairo,No,No,No,No,No,No,No,No,No,No
System Analyst,Basata,Mokattam,Not Specified,Not Specified,Not Specified,No Specific Yrs Of Exp,"IT/Software Development,Analyst/Research,Analysis,Computer Science,Software Development,Information Systems,Information Technology (IT),Testing,Software",Cairo,No,No,No,No,No,No,No,No,No,No
Supply Chain Analyst,Amreyah Cement,Alexandria,Not Specified,Not Specified,Not Specified,No Specific Yrs Of Exp,"Logistics/Supply Chain,Operations/Management,Purchasing/Procurement,analytical,Analysis,Communication,Logistics,Purchasing,Supply Chain,Skills",Alexandria,No,No,No,No,No,No,No,No,No,No
Integration System Analyst,Fawry for Banking Technology and Electronic Payments S.A.E,Giza,Not Specified,Not Specified,Not Specified,No Specific Yrs Of Exp,"IT/Software Development,Analyst/Research,Business Analysis,Analysis,System Analysis,System Integration,Software,SQL,SOAP,UML",Giza,Yes,No,No,No,No,No,No,No,No,Yes
Finance / Reporting Manager,Almosafer,Mohandessin,Not Specified,Not Specified,Not Specified,No Specific Yrs Of Exp,"Accounting/Finance,Operations/Management,Tourism/Travel,Tax,tax accountant,Accounting,Tax Accounting,taxation,accountant,Finance",Giza,No,No,No,No,No,No,No,No,No,No
Sr Financial Planning Analyst,NOK for Human Capital Solutions,New Cairo,Not Specified,Not Specified,Not Specified,No Specific Yrs Of Exp,"Accounting/Finance,Analyst/Research,Accounting,Analysis,English,Finance,Financial,Financial Analysis,Financial Planning",Cairo,No,No,No,No,No,No,No,No,No,No
Senior Business Analyst,Edentech,Heliopolis,Not Specified,Not Specified,Not Specified,No Specific Yrs Of Exp,"IT/Software Development,Analyst/Research,Engineering - Telecom/Technology,Analysis,analytical,Analyst,Business Analysis,Computer Science,Information Technology (IT),IT",Cairo,No,No,No,No,No,No,No,No,No,Yes
Marketing Field Analyst,El-Mohandes Coating & Solvents,Alexandria,Not Specified,Not Specified,Not Specified,No Specific Yrs Of Exp,"Business Development,Marketing/PR/Advertising,Analyst/Research,Analysis,Data Analysis,Data Collection,Digital Marketing,Market Research,Marketing,surveys",Alexandria,No,No,No,No,No,No,No,No,No,No
Sales Analyst,Nahdet Misr Publishing Group,Giza,Not Specified,Not Specified,Not Specified,No Specific Yrs Of Exp,"Analyst/Research,Analysis,Data Analysis,Sales,Sales Analysis,Data",Giza,No,No,No,No,No,No,No,No,No,No
Business Intelligence Analyst (Tableau/UI Designer),siParadigm Egypt,Sheraton,Not Specified,Not Specified,Not Specified,No Specific Yrs Of Exp,"Business Development,Analyst/Research,Analysis,business,Analyst,Business Analysis,Business Intelligence,Data,Computer Science,Information Technology (IT)",Cairo,No,No,No,No,No,No,No,No,No,Yes
Business Analyst,eT3 Tomorrow Information Technology,Cairo,Not Specified,Not Specified,Not Specified,No Specific Yrs Of Exp,"IT/Software Development,Analyst/Research,Engineering - Telecom/Technology,Business Analysis,Computer Science,JIRA,SQL,Python,UAT testing,Data Analysis",Cairo,Yes,Yes,No,No,No,No,No,No,No,Yes
Data Analyst - Pharmacist,Beyond Insurance Brokerage,Maadi,Not Specified,Not Specified,Not Specified,No Specific Yrs Of Exp,"Analyst/Research,Analysis,Data,Data Analysis,excel,Medical,Medical Insurance,Reviewing,Pharmacy,MS Office",Cairo,No,No,No,Yes,No,No,No,No,No,No
Investment Analyst,Transmar International ,New Cairo,Not Specified,Not Specified,Not Specified,No Specific Yrs Of Exp,"Accounting/Finance,CFA,Investment,Business Administration,MBA,Financial Analysis",Cairo,No,No,No,No,No,No,No,No,No,No
Senior Operational Risk Analyst,Al Ahly capital holding Al Ahly Tamkeen,Maadi,Not Specified,Not Specified,Not Specified,No Specific Yrs Of Exp,"Accounting/Finance,Banking,Analyst/Research,Analysis,Finance,Risk Control Self Assessment,Risk Management,Operations,Banking,Accounting",Cairo,No,No,No,No,No,No,No,No,No,No
Business Analyst (KSA),Ejada ,Heliopolis,Not Specified,Not Specified,Not Specified,No Specific Yrs Of Exp,"IT/Software Development,Analyst/Research,Analysis,business,Business Analysis",Cairo,No,No,No,No,No,No,No,No,No,Yes
FP&A Analyst,Gulfmed Egypt ,Maadi,Not Specified,Not Specified,Not Specified,No Specific Yrs Of Exp,"males_preferred,Accounting/Finance,Accounting,Finance,Financial Analysis,Financial Management,Financial Planning,Analysis,Communication Skills",Cairo,No,No,No,No,No,No,No,No,No,No
Business Analyst,Mubasher,Cairo,Not Specified,Not Specified,Not Specified,No Specific Yrs Of Exp,"Accounting/Finance,IT/Software Development,Analyst/Research,Information Technology (IT),Programming,Stock Market,Back Office,JIRA,Business Analysis",Cairo,No,No,No,No,No,No,No,No,No,Yes
ERP System Analyst,Xceed Contact Center,Maadi,Not Specified,Not Specified,Not Specified,No Specific Yrs Of Exp,"IT/Software Development,Engineering - Telecom/Technology,Engineering,Oracle,Programming,Software Engineering,SQL,Software Development,Software,System Analysis",Cairo,Yes,No,No,No,No,No,No,Yes,No,No
Sales Analyst,Confidential,Heliopolis,Not Specified,Not Specified,Not Specified,No Specific Yrs Of Exp,"Analyst/Research,Sales/Retail,Analysis,Business Analysis,Communication,ERP,excel,Sales,SQL,Data Analysis",Cairo,Yes,No,No,Yes,No,No,No,Yes,No,Yes
Financial Reporting & Budgeting Manager,GPS,Heliopolis,Not Specified,Not Specified,Not Specified,No Specific Yrs Of Exp,"Accounting/Finance,Accounting,Budgeting,Finance,Financial,Financial Analysis,Financial Management,Financial Reporting,Forecasting,Reporting",Cairo,No,No,No,No,No,No,No,No,No,No
Growth Analyst,Cilantro,Maadi,Not Specified,Not Specified,Not Specified,No Specific Yrs Of Exp,"Business Development,Analyst/Research,Business Analysis,Data Analysis,Research Analysis,Financial Data Analysis",Cairo,No,No,No,No,No,No,No,No,No,Yes
Senior Market Research Analyst,Confidential,Maadi,Not Specified,Not Specified,Not Specified,No Specific Yrs Of Exp,"Business Development,Marketing/PR/Advertising,Analyst/Research,Market Research,Analysis,Economics,Political Science,E-Marketing,Marketing",Cairo,No,No,No,No,No,No,No,No,No,No
Strategy Analyst,B.TECH,Nasr City,Not Specified,Not Specified,Not Specified,No Specific Yrs Of Exp,"Business Development,Operations/Management,Analyst/Research,Analysis,Business Analysis,Consulting,Economics,Corporate,Market Research,Finance",Cairo,No,No,No,No,No,No,No,No,No,Yes
Fraud Monitoring Analyst (ORA Bank) - French Speaker,Network InternationalEgypt,New Cairo,Not Specified,Not Specified,Not Specified,No Specific Yrs Of Exp,"Banking,Fraud,Banking,Analysis,French speaker",Cairo,No,No,No,No,No,No,No,No,No,No
Commercial Analyst,Cairoscan,Mohandessin,Not Specified,Not Specified,Not Specified,No Specific Yrs Of Exp,"Accounting/Finance,Analyst/Research,Sales/Retail,Accounting,Analysis,Analyst,Business Administration,Finance,Data Analysis",Giza,No,No,No,No,No,No,No,No,No,No
Data Analyst,Thaka International,Badr City,Not Specified,Not Specified,Not Specified,No Specific Yrs Of Exp,"IT/Software Development,Analyst/Research,Engineering - Telecom/Technology,Administration,analytical,Business Administration,Information Technology (IT),Communication skills,business,Computer Science",Cairo,No,No,No,No,No,No,No,No,No,No
Data Engineer,Ibn Sina Pharma,New Cairo,Not Specified,Not Specified,Not Specified,No Specific Yrs Of Exp,"IT/Software Development,Analyst/Research,Engineering - Telecom/Technology,Big Data,AWS,Computer Engineering,Computer Science,Data Science,Design,Engineering",Cairo,No,No,No,No,No,No,No,No,No,No
Financial Analyst,EGMED,Heliopolis,Not Specified,Not Specified,Not Specified,No Specific Yrs Of Exp,"Accounting/Finance,Accounting,Finance,Financial Analysis,Forecasting,Reporting",Cairo,No,No,No,No,No,No,No,No,No,No
Senior Financial Analyst,Ibn Sina Pharma,New Cairo,Not Specified,Not Specified,Not Specified,No Specific Yrs Of Exp,"Accounting/Finance,Banking,Analyst/Research,Accounting,Analyst,Finance,Financial,Financial Analysis,financial analyst,Financial Management",Cairo,No,No,No,No,No,No,No,No,No,No
Digital Data Analyst,JoviTronix ,Sheikh Zayed,Not Specified,Not Specified,Not Specified,No Specific Yrs Of Exp,"IT/Software Development,Analyst/Research,Engineering - Telecom/Technology,Analysis,analytical,business,Computer Science,Data,Data Analysis,Google Analytics",Giza,No,No,No,No,No,No,No,No,No,No
Market Research Analyst,Monglish Academy,San Stefano,Not Specified,Not Specified,Not Specified,No Specific Yrs Of Exp,"Marketing/PR/Advertising,Analyst/Research,Media/Journalism/Publishing,Analysis,business,Communication,CRM,E-Marketing,Market Research,Marketing",Alexandria,No,No,No,No,No,No,No,No,No,No
Senior Financial Analyst,Confidential,Cairo,Not Specified,Not Specified,Not Specified,No Specific Yrs Of Exp,"Accounting/Finance,Analyst/Research,Accounting,Finance,Construction,Financial Analysis,Financial Management",Cairo,No,No,No,No,No,No,No,No,No,No
Senior Business & System Analyst (Onsite),Confidential,Nasr City,Not Specified,Not Specified,Not Specified,No Specific Yrs Of Exp,"IT/Software Development,Analyst/Research,Engineering - Telecom/Technology,Business Analysis,System Analysis,Business Functions,Business Planning,Project Management,Technical Analysis,UML",Cairo,No,No,No,No,No,No,No,No,No,Yes
financial analyst and planning,Upwyde,New Cairo,Not Specified,Not Specified,Not Specified,No Specific Yrs Of Exp,"males_only,Accounting/Finance,Business Development,Analyst/Research,Accounting,Financial Management,Forecasting,Economics,Finance,Financial Analysis,Financial",Cairo,No,No,No,No,No,No,No,No,No,No
BI Data Analyst,Ibn Sina Pharma,New Cairo,Not Specified,Not Specified,Not Specified,No Specific Yrs Of Exp,"IT/Software Development,Analyst/Research,Engineering - Telecom/Technology,Power BI,Analysis,Data Analytics,Business Data,BI,SQL,Data Analysis",Cairo,Yes,No,Yes,No,No,No,No,No,No,No
Data Analyst,Monglish Academy,San Stefano,Not Specified,Not Specified,Not Specified,No Specific Yrs Of Exp,"IT/Software Development,Analyst/Research,Engineering - Telecom/Technology,Analysis,Analyst,analytical,business,Computer Science,Data,Data Analysis",Alexandria,No,No,No,No,No,No,No,No,No,No
Commercial Data Analyst,siParadigm Egypt,Sheraton,Not Specified,Not Specified,Not Specified,No Specific Yrs Of Exp,"IT/Software Development,Analyst/Research,Medical,Medical Institution,Data Analysis,Analysis,Research,Database Systems,Data Analytics,Database",Cairo,Yes,No,No,No,No,No,No,No,No,No
CRM & bussnies analyst Supervisor,Ahmed El-Sallab,Mokattam,Not Specified,Not Specified,Not Specified,No Specific Yrs Of Exp,"Marketing/PR/Advertising,Analyst/Research,Business Analysis,analytical,Analysis,business,CRM,Marketing,Project Management",Cairo,No,No,No,No,No,No,No,No,No,Yes
Data Quality Specialist,Sceel.io,Maadi,Not Specified,Not Specified,Not Specified,No Specific Yrs Of Exp,"IT/Software Development,Computer Science,Analysis,Microsoft Office,SQL,Data Analysis,Engineering,Science,Communication,quality",Cairo,Yes,No,No,No,No,No,No,No,No,No
FP&A/Budgeting Senior Analyst,FMPlus Property & Facility Management,Mokattam,Not Specified,Not Specified,Not Specified,No Specific Yrs Of Exp,"Accounting/Finance,Business Development,Analyst/Research,Accounting,Analysis,Budgeting,excel,Finance,Financial,Financial Analysis",Cairo,No,No,No,Yes,No,No,No,No,No,No
Financial Analyst ( Insurance Sector),Argaam,Mohandessin,Not Specified,Not Specified,Not Specified,No Specific Yrs Of Exp,"Accounting/Finance,Analyst/Research,Accounting,Analysis,Finance",Giza,No,No,No,No,No,No,No,No,No,No
Financial Analyst (Banking Sector),Argaam,Mohandessin,Not Specified,Not Specified,Not Specified,No Specific Yrs Of Exp,"Accounting/Finance,Banking,Analyst/Research,Analysis,Banking,Accounting,Financial Analysis",Giza,No,No,No,No,No,No,No,No,No,No
Senior Financial Analyst,Argaam,Mohandessin,Not Specified,Not Specified,Not Specified,No Specific Yrs Of Exp,"Accounting/Finance,Analyst/Research,Financial,Analysis,Accounting",Giza,No,No,No,No,No,No,No,No,No,No
ERPNext Specialist/Data Analyst,Confidential,Alexandria,Not Specified,Not Specified,Not Specified,No Specific Yrs Of Exp,"IT/Software Development,Business Intelligence,BI,Data Analyst,Data Mining,Power BI,Data Analysis,ERPNext,ERP Implementation,Technical Support",Alexandria,No,No,Yes,No,No,No,No,Yes,No,No
Data Engineer,Sceel.io,Maadi,Not Specified,Not Specified,Not Specified,No Specific Yrs Of Exp,"IT/Software Development,Analyst/Research,Engineering - Telecom/Technology,Computer Engineering,Engineering,Information Technology (IT),Big Data,Data Analysis,Computer Science,Java",Cairo,No,No,No,No,No,No,No,No,No,No
Investment Analyst,"The Micro, Small & Medium Enterprise Development Agency ",Dokki,Not Specified,Not Specified,Not Specified,No Specific Yrs Of Exp,"Business Development,Other,analytical,Investment Analysis,Communication skills,Business Administration,Finance,Financial Analysis,Investment Banking,Strategic Thinking",Giza,No,No,No,No,No,No,No,No,No,No
Financial analyst,ArabWork,Cairo,Not Specified,Not Specified,Not Specified,No Specific Yrs Of Exp,"Accounting/Finance,Finance,Financial Analysis,Accounting,Management",Cairo,No,No,No,No,No,No,No,No,No,No
Operations Analyst,Cilantro,Maadi,Not Specified,Not Specified,Not Specified,No Specific Yrs Of Exp,"Project/Program Management,Analyst/Research,Operations Management,Data Analysis,Data Analytics,Project Management",Cairo,No,No,No,No,No,No,No,No,No,No
Senior Business Analyst,Confidential,Maadi,Not Specified,Not Specified,Not Specified,No Specific Yrs Of Exp,"IT/Software Development,Analyst/Research,Engineering - Telecom/Technology,analytical,Communication,business,Business Analysis,Business Development,Business Writing,Computer Engineering",Cairo,No,No,No,No,No,No,No,No,No,Yes
Data Analytics Consultant (AWS Certified),Confidential,Katameya,Not Specified,Not Specified,Not Specified,No Specific Yrs Of Exp,"IT/Software Development,Analyst/Research,Engineering - Telecom/Technology,Analytics,Computer Science,Data Analytics,Data Warehousing,Engineering,Information Technology (IT),SAP",Cairo,No,No,No,No,No,No,No,Yes,No,No
Business Analyst,Multi Level Group (MLG),Maadi,Not Specified,Not Specified,Not Specified,No Specific Yrs Of Exp,"Other,Analyst/Research,Administration,analytical,Analysis,business,Business Administration,Business Analysis,Communication skills,Computer Science",Cairo,No,No,No,No,No,No,No,No,No,Yes
Budget Analyst,Somabay,Hurghada,Not Specified,Not Specified,Not Specified,No Specific Yrs Of Exp,"Accounting/Finance,Accounting,Budgeting,ERP,Finance,Financial Analysis,Microsoft Office",Red Sea,No,No,No,No,No,No,No,Yes,No,No
System Analyst,Awamer Alshabaka _ÿßŸàÿßŸÖÿ± ÿßŸÑÿ¥ÿ®ŸÉŸá,Mansoura,Not Specified,Not Specified,Not Specified,No Specific Yrs Of Exp,"IT/Software Development,Analyst/Research,Engineering - Telecom/Technology,analytical,Business Analysis,Computer Science,Information Technology (IT),Odoo,SDLC,System Analysis",Dakahlia,No,No,No,No,No,No,No,No,No,Yes
Financial Analyst,Confidential,Nasr City,Not Specified,Not Specified,Not Specified,No Specific Yrs Of Exp,"Accounting/Finance,Accounting,analytical,Finance,Financial Analysis,Statistics,Commerce",Cairo,No,No,No,No,No,No,No,No,No,No
Google Analytics Expert,Reach,New Cairo,Not Specified,Not Specified,Not Specified,No Specific Yrs Of Exp,"Marketing/PR/Advertising,Media/Journalism/Publishing,Analysis,Analytics,Communication,google,Google Analytics,Marketing,Performance,Research",Cairo,No,No,No,No,No,No,No,No,No,No
Financial Analyst,Dar Al-Fouad Hospital,6th of October,Not Specified,Not Specified,Not Specified,No Specific Yrs Of Exp,"Accounting/Finance,Analyst/Research,Finance,Financial Analysis,CFA,Accounting,English,Microsoft Office,Communication",Giza,No,No,No,No,No,No,No,No,No,No
Data Analyst,ComeX Engineering Company,6th of October,Not Specified,Not Specified,Not Specified,No Specific Yrs Of Exp,"Analyst/Research,Data Analysis,Analysis,analytical,English,Oracle,Business Administration,Microsoft Excel,SQL",Giza,Yes,No,No,Yes,No,No,No,Yes,No,No
Business System Analyst - Financial,Argaam,Mohandessin,Not Specified,Not Specified,Not Specified,No Specific Yrs Of Exp,"Accounting/Finance,IT/Software Development,Analyst/Research,Analysis,Business Analysis,Financial Analysis",Giza,No,No,No,No,No,No,No,No,No,Yes
Junior Test Analyst,TRIMETIS,Downtown,Not Specified,Not Specified,Not Specified,No Specific Yrs Of Exp,"IT/Software Development,Analyst/Research,Analysis,business,Software Testing,Testing,Test Cases,Computer Science,JIRA,Management",Cairo,No,No,No,No,No,No,No,No,No,No
CRM Analyst,Erada,Maadi,Not Specified,Not Specified,Not Specified,No Specific Yrs Of Exp,"Business Development,Customer Service/Support,Sales/Retail,CRM,Business Analysis,business",Cairo,No,No,No,No,No,No,No,No,No,Yes
Accounting Analyst,Nile Eyewear,6th of October,Not Specified,Not Specified,Not Specified,No Specific Yrs Of Exp,"Accounting/Finance,Analyst/Research,Stocks,Inventory Control,Inventory Management,Inventory analysis,Financial Analysis,Finance,Commerce,Accounting",Giza,No,No,No,No,No,No,No,No,No,No
Junior System Analyst,National Technology,Nasr City,Not Specified,Not Specified,Not Specified,No Specific Yrs Of Exp,"IT/Software Development,Analyst/Research,Engineering - Telecom/Technology,Business Analysis,Computer Science,Development,Engineering,Information Technology (IT),Microsoft Office,quality",Cairo,No,No,No,No,No,No,No,No,No,Yes
National_Chief Budget Analyst | Real Estate | CFC,Dubai Festival City,Cairo,Not Specified,Not Specified,Not Specified,No Specific Yrs Of Exp,"Medical/Healthcare,Sales/Retail,futtaim,budgeting,financial,accounting,expenses",Cairo,No,No,No,No,No,No,No,No,No,No
Senior Data Engineer,Erada,Maadi,Not Specified,Not Specified,Not Specified,No Specific Yrs Of Exp,"IT/Software Development,Engineering - Telecom/Technology,Engineering,Computer Science,Information Technology (IT),Software Development",Cairo,No,No,No,No,No,No,No,No,No,No
Stability Analyst,Rameda,6th of October,Not Specified,Not Specified,Not Specified,No Specific Yrs Of Exp,"Quality,Pharmaceutical,Pharmaceutical,stability,QC,quality,Pharma",Giza,No,No,No,No,No,No,No,No,No,No
OTC & Budget Analyst Egypt - Cairo - Orange Business,Orange Digital Ventures,Cairo,Not Specified,Not Specified,Not Specified,No Specific Yrs Of Exp,"Sales/Retail,Pharmaceutical,OTC,Pharmaceutical,Sales,Sales Skills,Pharmacy,Marketing,Retail",Cairo,No,No,No,No,No,No,No,No,No,No
Quality Analyst,FlairsTech,Maadi,Not Specified,Not Specified,Not Specified,No Specific Yrs Of Exp,"Customer Service/Support,Quality,Tourism/Travel,quality,Customer Service,Customer Care,Call Center",Cairo,No,No,No,No,No,No,No,No,No,No
Senior SQL Database Administrator,Confidential,Cairo,Not Specified,Not Specified,Not Specified,No Specific Yrs Of Exp,"IT/Software Development,Database Administrator,Azure,SQL,SQL Server,Software Development,Database",Cairo,Yes,No,No,No,No,No,No,No,No,No
Data Research Assistant,Puffin,Sheikh Zayed,Not Specified,Not Specified,Not Specified,No Specific Yrs Of Exp,"Analyst/Research,Research,Internet Research,Data Entry,Computer Skills,Microsoft Office,Microsoft Excel",Giza,No,No,No,Yes,No,No,No,No,No,No
Business Intelligence Assistant Manager,SAVOLA,Nasr City,Not Specified,Not Specified,Not Specified,No Specific Yrs Of Exp,"IT/Software Development,Power BI,Business Intelligence,Business Applications,Computer Science,ERP,Oracle,SQL",Cairo,Yes,No,Yes,No,No,No,No,Yes,No,No
Senior Data Modeler,eT3 Tomorrow Information Technology,New Cairo,Not Specified,Not Specified,Not Specified,No Specific Yrs Of Exp,"IT/Software Development,Engineering - Telecom/Technology,Data Modeling,Data Architecture,SQL,Erwin,Data Warehousing,Data Management",Cairo,Yes,No,No,No,No,No,Yes,No,No,No
Software Business Analyst,United Delta Systems,Cairo,Not Specified,Not Specified,Not Specified,No Specific Yrs Of Exp,"IT/Software Development,Communication,Communication skills,Information Technology (IT),Computer Science,Technical Writing,Software",Cairo,No,No,No,No,No,No,No,No,No,No
Market Research Analyst,Kama Manufacturing,10th of Ramadan City,Not Specified,Not Specified,Not Specified,No Specific Yrs Of Exp,"Marketing/PR/Advertising,Analyst/Research,Research,E-Marketing,Market Research",Sharqia,No,No,No,No,No,No,No,No,No,No
Database Developer,Nile Projects & Trading,Alexandria,Not Specified,Not Specified,Not Specified,No Specific Yrs Of Exp,"Installation/Maintenance/Repair,IT/Software Development,Engineering - Telecom/Technology,C,Computer Science,ETL,Information Technology (IT),Software Development,Security,Programming",Alexandria,No,No,No,No,No,No,No,No,No,No
Lead Analyst,Evalueserve,Cairo,Not Specified,Not Specified,Not Specified,No Specific Yrs Of Exp,"Analyst/Research,Research,Secondary Research,Healthcare,Pharmaceutical,Quantitative Research",Cairo,No,No,No,No,No,No,No,No,No,No
Senior Data Engineer,Paymob Solutions,Maadi,Not Specified,Not Specified,Not Specified,No Specific Yrs Of Exp,"IT/Software Development,Computer Engineering,Computer Science,Design,Database,Engineering,Information Technology (IT),Programming,Python,SQL",Cairo,Yes,Yes,No,No,No,No,No,No,No,No
'SENIOR BI DEVELOPER,A1Softech,Cairo,Not Specified,Not Specified,Not Specified,No Specific Yrs Of Exp,"Business Development,IT/Software Development,Engineering - Telecom/Technology,BI,business,Business Intelligence,Computer Science,Data Warehousing,ETL,Information Technology (IT)",Cairo,No,No,No,No,No,No,No,No,No,No
Senior Business Analyst,Confidential,Sheraton,Not Specified,Not Specified,Not Specified,No Specific Yrs Of Exp,"IT/Software Development,Analyst/Research,business analyst,Information Technology (IT),Business Development,Computer Science,Software,Software Development",Cairo,No,No,No,No,No,No,No,No,No,Yes
GIS Database Manager,Perfect Presentation,6th of October,Not Specified,Not Specified,Not Specified,No Specific Yrs Of Exp,"IT/Software Development,Database,GIS,Computer Science,Information Technology (IT),Software,Database Management,Management",Giza,Yes,No,No,No,No,No,No,No,No,No
Senior Data Engineer,BBI-Consultancy,Nasr City,Not Specified,Not Specified,Not Specified,No Specific Yrs Of Exp,"IT/Software Development,Computer Science,Engineering,Information Technology (IT),computer,Database",Cairo,Yes,No,No,No,No,No,No,No,No,No
Data Scientist Engineer,ArabWork,Cairo,Not Specified,Not Specified,Not Specified,No Specific Yrs Of Exp,"IT/Software Development,Computer Science,Software,Data,Programming,Computer Engineering,Information Technology (IT)",Cairo,No,No,No,No,No,No,No,No,No,No
Data Architect,Sceel.io,Maadi,Not Specified,Not Specified,Not Specified,No Specific Yrs Of Exp,"IT/Software Development,Analyst/Research,Engineering - Telecom/Technology,Big Data,Computer Engineering,Computer Science,Data Modeling,ETL,Hadoop,Information Technology (IT)",Cairo,No,No,No,No,No,No,Yes,No,No,No
Data Modeler,Sceel.io,Maadi,Not Specified,Not Specified,Not Specified,No Specific Yrs Of Exp,"IT/Software Development,Analyst/Research,Engineering - Telecom/Technology,Data Modeling,Data Integration,Database Design,ETL,Information Technology (IT),SQL,Modeling",Cairo,Yes,No,No,No,No,No,Yes,No,No,No
Budgeting and Reporting Manager,Basata,Mokattam,Not Specified,Not Specified,Not Specified,No Specific Yrs Of Exp,"Accounting/Finance,Accounting,CPA,Finance,Financial Management,MS Office,Reporting,Budgeting,office,Financial",Cairo,No,No,No,No,No,No,No,No,No,No
Data Modeler,Confidential,Cairo,Not Specified,Not Specified,Not Specified,No Specific Yrs Of Exp,"IT/Software Development,Analyst/Research,Engineering - Telecom/Technology,SAS,Modeler,Data Modeling,Database,Database SQL Server,Data Science,Modeling",Cairo,Yes,No,No,No,No,No,Yes,No,No,No
Planning & Analytics Assistant Manager,Network InternationalEgypt,New Cairo,Not Specified,Not Specified,Not Specified,No Specific Yrs Of Exp,"IT/Software Development,Data Analytics,Planning,MIS",Cairo,No,No,No,No,No,No,No,No,No,No
ERP Senior Business Analyst,Sinmar Soft ,New Nozha,Not Specified,Not Specified,Not Specified,No Specific Yrs Of Exp,"Business Development,IT/Software Development,Analyst/Research,Computer Science,ERP,Information Technology (IT),SRS",Cairo,No,No,No,No,No,No,No,Yes,No,No
Issuing Fraud Monitoring Analyst,Network InternationalEgypt,New Cairo,Not Specified,Not Specified,Not Specified,No Specific Yrs Of Exp,"Banking,Fraud detection,Card Fraud,Fraud Monitoring,Inbound Calls,Call center",Cairo,No,No,No,No,No,No,No,No,No,No
Issuing Fraud Monitoring Senior Analyst,Network InternationalEgypt,New Cairo,Not Specified,Not Specified,Not Specified,No Specific Yrs Of Exp,"Banking,banking operations.,Fraud,Accident Investigation,Banking,Fraud Monitoring,Card Fraud",Cairo,No,No,No,No,No,No,No,No,No,No
SQL Database Lead Administrator,INDEVCO,Sheikh Zayed,Not Specified,Not Specified,Not Specified,No Specific Yrs Of Exp,"IT/Software Development,SQL,Database,database administration,Information Technology (IT),Computer Science",Giza,Yes,No,No,No,No,No,No,No,No,No
